"Top 2000 business_id","Max review_count"
4bEjOyTaDG24SY5TxsaUNQ,4578
2e2e7WgqU1BnpxmQL5jbfw,3984
zt1TpTuJ6y9n551sw9TaEg,3828
sIyHTizqAiGu12XMLX3N3g,3046
Xhg93cMdemu5pAMkDoEdtQ,3007
"YNQgak-ZLtYJQxlDwN-qIg",2949
"tFU2Js_nbIZOrnKfYJYBBg",2593
CZjcFdvJhksq9dy58NVEzw,2583
aGbjLWzcrnEx2ZmMCFm3EA,2537
"xfwRO04KbAPw_zRotCfWQQ",2395
DO3Gk17RyJVW7zYMCtYPnw,2143
"QbmcCE_cLq4WO8ZMKImaLw",2110
eq6lQI039SBLC6sHm3idGA,2105
"lliksv-tglfUz1T3B3vgvA",2063
"xyTJYlbE_MLouK6rCou6zg",1986
PXviRcHR1mqdH4vRc2LEAQ,1930
"BqrTtox0JbG-P_DKBB5bBw",1757
jOuERtVf7QePnK9ZcdH5XA,1645
mDdqifuTrfXAOfxiLMGu5Q,1542
"HbUQ_3dlm3uCacmhTEMnuA",1531
FV16IeXJp2W6pnghTz2FAw,1514
"rBPQuQgTcMtUq5-RYhY2uQ",1424
SsTxjxo8qvqBMvan1rzNzg,1394
8buIr1zBCO7OEcAQSZko7w,1352
DjOxXobyGDwWt89q4z1twg,1323
NsnZ5GhagXBKrCOelxVQxw,1264
tqu42L0qXzkvYKSruOz0IA,1229
"IRYj1b1-mlXqABVsl9SoqQ",1223
"ngNvH4sxnH9aMukTZ67R_Q",1176
SLyacGZuMUKqrQJEooSkjw,1163
"YrIfgzLj0DPStJ1ESAS_Qg",1142
"4UVhuOLaMm2-34SrW8y-ag",1126
zTCCbg7mGslxACL5KlAPIQ,1125
KjymOs12Mpy0Kd54b7T9MA,1124
"5GKbGn9-fAgQ0njSh3OJ8A",1069
"RhbOa-Ft3sZB4B_1j5LfyA",1065
HyfFenprdpIA4rmKu6DW3g,1063
"YacTpiq0ZptFcXD7I-kdGA",1037
LLDGTT7FExklkQvHebEjRg,1023
1yx2zLskVTe5WQdYjL2Apw,1022
eLPld7Q17XxlclFGzZQX5g,1013
AeKTQBtPRDHLAFL9bzbUnA,1000
BqD7X5CHXnJ14YbBBlLx1w,990
Pz7SWZQhxL6ZbhL9jE2NTA,933
vSf0pqvaLp5sVSjJPeOqqQ,929
3fV9sL5LklD9ZSeONKmjkw,908
"H_SuH7uLiYahDMbNBB9kog",902
"gGeVLZ9j_wAYKbaqgnKSJA",892
"ASOiJ8MmbBTgK2D1_MQrqg",888
ryvMJK6AlbU35HKrlFT61w,885
Z0kyK8wCBNGkkUT9UrMWcg,885
"3MmHmJXr8Ltk_Z5EGE4KUw",861
BW1JCE3Qj4uIokg7kLUL7w,851
"ES-j5yNTgmgbL4He0h6otA",846
"cMvN1j-LK64zqmT4vnl8NA",835
szw8OGJlsqaA3i2oe7dn9A,825
"naLrErBuJr9IWd6_rv6-XQ",820
iXA8Y2bzvZo8MjALfZxrIg,818
05fTEsjUPVo5jks8PpNKCQ,811
ZP6qFq7LUh6Tr7WHPoOW6g,805
"Q_Rwcv9APBLggk2KAsBEvg",795
N50HceZf1595UtU867u4uQ,792
xNcqwYAUeVOhe3KNC4Xjaw,791
KJnVuzpveyDrHARVNZaYVg,770
XDYnLQC8ViZejuCDp4eCwg,756
"q_DrPmiLrHEpR_SQvQXELQ",751
KcSJUq1kwO8awZRMS6Q49g,750
LCeF1wK5OqP3PPEVBa5Xfw,746
nZgYNbl1XlZyyKlISMoG6w,744
kwEQ3uY9Jwmknb5kNg3UlA,739
BQjGE1Z3nk253XzIZqt8Gg,738
lPh02W25cOrAz57UbTpbFQ,735
1U1GRksKXF7q8FKcW0e5VQ,732
Zf7fMSe7yuW727JyikdBsg,729
8zL3V6rmFKBess3bxPLAoQ,729
QJlab4DqvBRJPUfg7Vn5ZQ,728
"j_pce4pG9krrBeYwUni8Pg",725
OiCxoAIoBvEWxf7p1qVVmA,720
8Pzdk19tA2bKlKDSgwWqoQ,709
"cN6qpVw6RaSrSI-JGGF4Tw",705
"-2n-OHbbwIv3SY8RP9bgTQ",704
"QRXv7Jvq_SuiiT_SKvbdig",702
"4uGHPY-OpJN08CabtTAvNg",702
OwBPjUz2o0J5K3DzcHkBtg,700
t6SuvEq9PPVGzNv5bJzDtw,696
"tn5SXZvWiT-uVsjXLGSrww",693
ateowLnq6kpgNNWHzCDByQ,672
y6NFyThUU2wtTNa0rX7VrA,668
"ggoYlZeQhATwb_yGSntfdw",655
b25jGkZerj2M4WAy95n1Tg,653
rfDTJLEwZZ2EGOZiTDdqQA,649
dVAurLD1bBIi9IvuMFoL5g,649
"yJDSMugu_Pom3pJE8MRrJA",647
"UEUQS4z7s-DRzQjky92KYw",646
9Bnc9YP0n5cR57xkP6fQmQ,634
"s5-VDvUqyYnD8RG3LPqnbQ",632
"pPfQ73--Y_h5Or0aqDgEGA",630
"J4qLz0nGzCTMf6-kf_SiQg",627
yD1dRYi7USzhYVKiqZ7JVg,623
"25fxw_jOqZtJwl18cCarIA",611
ZHDf8TUICsB2peQ9AmXeFw,608
Gn7bMxhZgY0bivsthvJWJQ,605
5rDosv0aIBhLg81IMSnlyg,603
MN0OLvP8i0SirMJ7AMuMzA,603
tcphcsPONrP82kUyvcELoA,603
H6CJflwclNpttYrtsBMsVg,597
"wfofFm3AqtyK_ujNQ893mQ",597
Ensu96ecI0OReupNS2x7ig,594
Yq8LiVymGA7vBpGCQuDfRw,589
bmNPNlCLDplWB55ic3Bixg,586
79EG9Pv0bxNTmBjTVCd4CQ,583
uqisw8IXD5ZutU4MT2MQVw,581
"05tazaFQt1EnQ_Gk_1AFyg",580
VkPzsY09S4zO0XqhA1mc6Q,573
kgt13cwkP03NS8FJKgdLMw,571
rNahhyqDlouyDMHh57p3ug,569
"APe_0I6DqbNQonSlEkMSEQ",565
Fh6OndE60vzvyhCX1Wg7Aw,561
"xheJf3qJLLf4-Ck8ay3GFg",560
E9ZsPtGovfEPHlMHkDdlQA,554
c12WDNrP2wyQgbnEYDdxCw,554
Gvw2ewUbqq7PWkxKwjqifA,548
3OB5gQqibKGTzx9R1w7wKQ,545
blgSBn3CimrCHn2SuZvcZw,543
"_6gbnNRPIc-iM_0cBLPX1A",539
pVH6ngKnMdJSpkFEw0XKlQ,535
"-5RN56jH78MV2oquLV_G8g",532
"_VN5hYv1VgNIBgwxTQZ_1Q",525
"i3ogCoQD4MY_sR73GCk-BA",525
r0ZoytDjK4CY5ytFNjZLvw,524
"JsDZZ9S3qntzCfo5N_Ci6A",520
gkWEjZIVcrUerEzed6IKpg,518
"YppzR-sn8y15dmUd1lLcfw",518
"OHsuvX4rmhnPvvRBb-QK7A",515
M2SjLXsuAy5RNKwxaA5E1g,510
"qLa_684GMvVfR4WNHshQSA",508
k8bSp5BfCNCKqTXcKALXtw,504
"zNzJkzZxPTeTbRIRfeU9_Q",504
UpMR63WZgIn8VDKnYpDwXA,501
"Lp-A-JNRUUH72uou5-pMtQ",498
5FLRsYrT6w2VSDvQDhphXg,496
Lq6CDJ2yHmMs4N7jscQhHQ,495
npfVfumxVAkQNYpY1fSvew,493
NxsCqQCpofRx08m535JYIA,493
fwcoLKfZYMH6nZbAaeD6sw,492
"GGyHZtnAA5LBgouB-32ARA",489
3w5gd4EuSc75UKYMJiNUPA,489
"bqYrEwL5xjqv0u8XAij--Q",487
"K8dQr_82-DMpDudEv8PDmw",485
"D_BMUHbZk67hzRcK3xQQmg",485
c8Xamwyv5Tyi2VjjyQcwaw,485
84bLhe1aibxNmogtqSO4rA,484
fkVBloMEFJG2HTgeCxeNDg,484
pD7NzevYc6HhYu13wCxiiw,484
nREHMbIzWdfWtOh4l1bT3g,482
"pwF_phwjD1ZHsY1xC9H7mA",481
"1bJjWGYip-V2PGj4VIwbiQ",475
ZxmKA8b7njab1DNzCEU4Ow,475
jmgKs7CTqSWWwJnFnPIf4A,469
KwLfgeylp9d8zY3KacREiw,468
xxOQ7h6s3InV8o8DOVHlMA,467
V9euJerhCkh7PXKjtsE2rQ,464
N8cJk5s9yW3fLeJyHQeRAA,462
"a4cMKOjdVLTmJNhRl6-17g",461
LXrq0Fw6MCz70KMA928ldQ,460
M3sHcgWd1gqw5c3L8QnAHQ,460
"HpaYCM_NCauI72LLXxC6SA",460
rMSje59v2QY82OBvE1zBuA,460
23SJEjfyU5gxY2chAKhgcw,459
IyCwqORkMSmK4mAgAFHgnA,455
"tI3J5jomrBs--n7r92186g",452
ADTZPVMIYJN0jAvvHxcBMw,449
bCRrLdBLel3y73tA8w6C3Q,449
"_zrSQdISpB_qry9tb098rw",448
xnRljkaR6zaVTpLYolQteg,446
"PiV7phVMf7glDpH_J630Ow",445
"eoDEx1GGQA0CBDhy2ql_Kw",445
GJp4zTQPPsCEkUitopGfAQ,444
"kKcniirsMqUd_x0pZEGcWA",444
"_fn0UIgqzCtxXcmHRi8FOw",443
z67yrh03lRSANrpPsRcTfw,441
G6mZKMiDqHDgH92IOg9QhQ,441
"PNThcRNEFI3azvfhvhd_KA",438
bGj9djLAHjNR55OXsIDrAg,434
"rP76z9iDOFczywAiee-l7A",434
"QozXMHqNzkVutP-FhcP30w",433
"-SNpLwJNup8N96yq7sBJyw",431
"Bt7lGzIlPGc13iCXoc-TIw",430
"_45p8kOA__aNycVVe-n-KA",429
"_xmJB767rROtAy6XepMlkQ",429
"EolW2H_wkpYwWbBURN_4gQ",428
"k-D2NUfaUbuQzPaMXniXcA",425
aYAlzKHwXQn6JNLweRnZjQ,424
"_tS0YfyPDxOXxrN4Kl2_HQ",422
OeinO4b26UcICbrLxoj3DQ,422
"6IRoWd6N__OVMNQfvu1Ccw",421
"jh7S78tc9oXCDjAjP_OrLw",421
0i0PwU8lpj4evYKQogWxcA,420
ZNdsRbGeOfrYYPRl6AziCQ,420
vPnwX30Gn0oa4dVBL0W4Ww,419
1nO6ffHEwZYFBzEsyw1w7w,417
"PPwJTT-eLjapipmyQSgi9A",416
8HCC8NuJmdHnEg2XC00NPg,414
EUmfOpiQxJ5yaEMypI30gQ,413
"NVunai1t_GXQCAdDzFWJkQ",413
QcTj9AgGJA0ifMHCCPNblg,408
vvur3WRgdgnhYoMUXMZZCA,407
"Xsp9Dy4PQgAssCVk2-f73w",405
vaq5SJubaZjIoGhgkwxxUA,405
Az85N0Z4OKxOAzGdigi1nA,405
"dxY1gl4cO4-rEFATCkFUIw",402
"hsM6PF4Of6RMNcQV_c-FVQ",402
"5IWu0xhlZEopvIz3w7o_3w",401
6X9iyuM2XdoCGT4q9qv5cA,401
SwmStS3zjj94aV8M7kYqLg,399
gu5Yj92bnXnxNyMdxO14VA,399
QGkM1TvUrc1gmd1qkpnMJg,399
"4EhFsjWBSaSp_5TkkLp7LA",397
f6KGn2OyYk6LWEpnUEgerw,396
"07bUAD_qnrJAXvJou_ls4g",396
uiadM74nDbEPGeGQFghK0g,395
alWTl5MRC4VE2t9W1mNSIQ,394
"sxRI0je6hAR-MeBDxdyhug",391
"0_LZEAYsexEZS-OFTjdjNQ",390
"pQSkGB3HIunzNn_vIRWUNQ",386
LJxNzBCR383zSpe0jdU04Q,382
RE3xkxkjmHQIARrLSIeerg,381
uHPXU5sWTZRILmMQbfWcJw,380
"_Aq9R8FRoXq8HwC5qf80Xg",379
foDMwBRGJvKw791v0AT7OA,377
Hieqsu3u1peZ2I2jPwiKHw,376
"EQxbEKkHxNvRT_-S5A-Gcw",374
"U6stLkJYMaro_4-3KI84_Q",373
"cQMfAN2YVUcJn8wK2M_wGw",373
"MhMFi7hae_KsaK8lHcg0iQ",372
co0vxQ8ecXiBy2sGDeHi8A,372
88CNSyeoKhGn1x0SHvz8Ig,371
OdKCcB8skRPVSk7yBGwang,367
5tYLVPc2PKnj6E62sY6QMg,366
"j2KCZNlWnu-L4j0yJ3zAHA",366
olwuTiAEEFgSYefWUcZWbQ,365
bt9J3GgjArWCTfyoa3naEw,364
BUpMSaHWxlWTgKTDIzz5Lw,363
MXqmV0513hptrtjihDdf3Q,363
"TwxHMCcRdF_CQb_EZ6kPQQ",363
3AlN2XZ0I0F8650y2yjLWA,362
"lfmvmL6iHq9-IDABLeNsuw",360
BVCDPqlHMDPLWn9EhdDXNg,359
JauLZ0TL3D3VIGtSnStzhA,357
"aYEs_eXqnV8Ifj3Bp0bHwQ",356
"NYg-hgqjQvq5RDRcV7iv8A",353
Y2BXS2OOrlMSYfS5xdjtmw,353
LnCbpxipUrA165zvfaePGw,352
"n_QAA70NrnGIsGjog3HF_Q",352
"4uDW2Rp9eAPL5BUd5C5-bA",350
kAXwEMkpcKMObw45QJGqnw,349
itFwrNtjrQL5NPMYTeD44g,348
rGhbYmGvoqU7IVrmuNQi2g,348
UKKz4HdQC0aH9j5lLi4u8Q,346
qGffC4h6UOTSkLhzjj59FQ,345
cwAd2nytPLKmABtLXsgpIw,344
"JUATTlFUONx_er9_YRFDrw",343
TzOTe6yecv99lZuKQ6fPfA,341
4GQhbPvGU5r23YdVm8EmkQ,341
"y8VQQO_WkYNjSLcq6hyjPA",341
fSs0EdKmLJ7VULejtsi9CQ,341
"_FBnbgbEwaZshbuoUoSBfA",340
fH5QqIDiwcgEnrSJYuiaaw,340
2f7TvlG5zcuMCHcQjxqS6A,340
2sn5BECdlYxqQlw1VODDoA,339
"Te5dA0G1-SWKGS8nuJp0Tg",339
"lqx--hrRwe0oK6WnFYNXlg",339
vW4G1hwiW6LkuhAfbeRfqg,338
sBAueq0jUmlIH6vdgyP2aQ,335
LwTK65TMrmtjpdZRloQDwg,335
QY8CBhPwv6dE4onjhj6MDg,333
I1FRsqEw78xUR2gZBheHOQ,330
"6qXQQOWdUZiJmWVqkWB-3w",329
7q1FpSXbE6XtLNg518pxDA,329
"63d0v1xVzzahrY7zLoy_FA",328
"xV3OGVeNZyARob-L1SSTPQ",327
17FKJgS11HppOf00qXKEqA,326
"Fb__zkvQX3W7u1A72h4wPw",326
XgfKcL7eBJE9B66qoaIlJQ,326
"amr-TqfnMpxmWf2RqnK_lA",326
Kle8p08OShKRw5zwH4R1Gg,325
"PayaNmMeZFOFeS_jo7eB8g",324
a3VX8WpAVt29VNlGgYJxrA,324
"UpkfQApZT5rctZicZ_ZTgw",324
d38y2fkW1542SaoSTvE1og,324
qRWqgckimeoZaBaRTyV27A,323
uyEUL3Oskfa1fOYCksyM8A,323
qXG8IlKuvy5k9fJ3y2gLgg,323
btp0v0Qk7CmOmuMdt3aqkQ,323
"5FE1Y9cZ-YOQA943nTi7cA",322
lyC2KqGiFIwct39jbdIdJg,322
"5FPU_0VSLtR2yY7IQzaH5g",321
"UBvTnbaRD3h_dD6oXWLCBA",320
"keV-NU5jaemf9L_7HDX-OA",319
33aOj9haiHsULCUmFOZ7uQ,319
bpGFetX8muk0GxAT3Oea3Q,319
"d4bXnfbUc1SLu3jVcr-w1w",318
"cRfn_vMQ9YExuKb378CwjQ",317
"8_HGHlHsNdCnTsLQYHteAw",317
sih8j621A66QoiUFues5qQ,316
U87W6T9vjwWnp28Zjnn4pQ,315
"u7-9OD_9qc6PDYlMk0-VcA",314
"y6sNNP97UCSl_p2o5Wm40A",314
"bB1bVvOMkfvWFVbNmRl_VA",314
"uCoNIQty4nPrhn_WHo110A",314
LuYZUc1MOG0pA146SCeXgA,311
1ldDbggHHgPlj3k0SpBTKQ,310
"glmwOs55H49Q_D8ENZtqYQ",309
"zFcd_gelAUEwAvJOgiZpvg",309
udGgvy4TYdsdv13j1UzOIg,307
"E4AkhjuG-DY2DTcBrkxkGg",306
Iyy4pDmnKTZkAorzclO4Eg,305
FC4q3hJyF8oo984xoo3RMg,304
Fklm4Zi7nloG1SfLpnmEkA,304
"YZuHOgbKiP3dN4_ROOUyDQ",304
"ravINrZil-a_nAl95-KjDQ",302
zehWnERkDLir0lDxxtVXPQ,302
"kJfT-kJUHQ-gxq0fhu4vdg",302
OVU0pQ85Zf74OVgDyPFvGQ,301
"CtCNNCxA7ZYhTIBI_-FB0A",301
"qpptyM9Dfns3AW5E_lsu6Q",299
YNx5vtfjtwXZEk2kBQoA9A,299
"mYuHPciSbqi2lxYpbs-LCg",298
UW2gLVwL3qbh9ucnb0JjyQ,297
VAeiLMTICw2CSFpy28CsWQ,297
"aSZzH68--YxNQYAO5nKBkA",297
P8gXyZy1ZS7B4S20q8hzPQ,297
"qmIT3LC-kMNiOy7_XpWNUA",296
RFqDK2b5mpasIuAzDoDdDg,296
ME8gcI4BXjmFq7zEMtk3ag,294
"AumuGuTg3HqvtwbLPi-ZCg",294
awchAzxp8VwNcgj5oz9WDg,294
jqMWeYMVeqnvHNeMd772Ew,293
"s93PtWxihLbhK5Jg_FttzA",291
MLPEpxih9E8NySHbM0FSWQ,291
"_5k83wy9_5NpErw7Ecgt3g",290
GmAGA39Wjv3MLT2ju5ALQQ,290
mU57qypB4nLScxgowHNEUA,289
"xOy3lZcDvGp40BI5x-PR9w",289
riTkPznlAPl86dazAjPO3A,289
"X0cEpOYi0Gf-S_-xb8OZVQ",288
"XInU2SUuNK-IgnT-sEIvGA",288
VdY6qe9afspFwsbzX1HsOQ,288
"mVJIPDv-qfYlatHYeP_saQ",286
"8lLkZOfXbSMumZC-v08GaA",285
"atzOrsnL_2pL6OttGbgUeA",285
voPFKvVFm7b01xUyJixFYA,285
mXk7cxR0OeZESz8S2q18Jw,285
ghnQrKVEjiWZ3UE1XDzJUQ,284
"LuAClnM_sUmLbFsK4ODWiw",284
ecpYgTTQuXzmYNGxGTvbhw,284
R0MhNwopWTWXcg8CPAFgpw,284
"DKY2be7dDX2CT_WB_Dk4pQ",283
"SqpICnZPgxUraMDNqu-YwA",283
Shy4HqmyEewCLvq7Ub3Whg,282
MhgYfihkb1QZfVpSNLb2uA,281
GHSgzzzSpapvYke8MX3blg,280
"h83afVKqwBlA-zOu_vdtEw",279
"cQJM8VpY21O3HVu7j_b7Vw",278
"Z6aaze-cgaYKKXlpuH9LqA",278
"P8DQlNd4ZVCtxFsH_QARFQ",277
6X01fXVzhCght4ZJ9Ei2JQ,277
"UjAj7SjUQg8znkwk_gaDJw",277
"9_HsCjEELmey18A-gTzZKw",275
"2dioqPw6txEgB397frYg-A",275
ofhhRbEYZnmd2eKsD575nQ,274
xxq3nX34tsqAtcsSm21rHQ,273
UPgqmSaO5zOWNKczVwakLA,272
OU6yfyuCzwJZvZFRnTOZzg,272
"Nw8lWJRGybAsciao9h-R2Q",271
cMBZ46gNJPYY7zkxDb1piw,271
vbcdf7dXxfc3uyOoi7ryyA,271
ul8ViWuPb2iRez1Zd3Xw4w,271
AYbUb5UcAngroJ6uJG7tLQ,270
"NK-8zniVfA21IQoQCynrDg",269
"l_qgSgZfarlgVjYy6NybPw",269
OvE1oiSg9gaB9cLGzBPlnw,269
V3ruBXjLGWniPNPQOzRhiw,269
EIshA1evDfCTcuI0dYUo7A,268
"kR92Dbu3jwrODAhATsZ_3g",266
Pt5AYjhzoU93biVeVahLKw,266
UVBElUlajafZDSiBK2pltw,266
"V7-f6dE87cNga5dSJ4CuZw",265
t65wgP7lQrCqxjBpMwOdbw,265
lIlaoptZjY7DD4pO0Mk8ow,265
RhqrOvy6Zr8vn5pJ9PkF1A,264
"Z1KDov5DRTG-rYF_6TyO1A",264
a1t31qMLd5fQocEjbSJ61A,263
xhh72bIFefOaAxsj4vJJaA,262
"mANSEm_FbXK6qtB7n6nWgg",262
"r1YB-iVpNM8oP2eEqyaVbg",261
"DoEMzev54WS8_lVLJ3NoqQ",258
"_GWuXjPNBnO56OaT_daPZQ",258
RfR5yc4j9coIPBuxRsOW8Q,257
EppRsj7YUChmu9rXb38LKg,256
"4KwEzJyeuHqna7_A_eeI3g",256
"2lF_8RZRBd9STfk_QwAtmg",254
"HsAYzU2-Z_vZAaRqHbcP8g",253
Y606ZDAYwBug3CUwgHZQZA,252
"r-SMWki62MIjPlsSRdlBVw",252
"r70nuDpkR5-g1oShW2ANvA",251
cmf4fKU9D6XIvciQj7RjoQ,250
"-PcyNcCHU8ZWwf6_PwDbUQ",250
"9c_9SX-7hB7HW8KatQbD8g",249
"Cu3L4mNS_Np34wD7Af2fCw",249
2vQoWGEcSSBIJtUiGRKi5g,249
"UO80ofDOenKF4QWR2z-oKA",248
"-GZsHVDlI6wvLsgD1Yaj0g",248
"nU347OP_4DjBc8WLKU_J-g",248
"40VsC3U_JLufzJ6b5GhXTg",247
sNBquLTaV3IbUWkzSUlTpw,247
yxxLFua918P53BQADGCSCw,246
"Hb6n-TyLhEDdCyPyH3E3oQ",246
"g_xxHSr7uglGfd9tXfyHkA",246
2Dbg35sPSGmZGcbBVNa9dA,246
Xnwjo2TUu4AyGdmsxeG7OQ,242
"wZxrcIHmkhT4OHvIxPwd_A",242
8Nsh8u0zHYegI6XT1L39Lg,242
"nEY3mwbpAJlQ5FOQ-F4Giw",241
"H52LFxw13LBS6_ewxCwlfg",240
"Kxp8cIMt3-vxwtCSsL9QKQ",240
"WqdCrAhYSewDAom1qY-t_g",239
6qnB6AQSur85BLx6c11dOA,239
WnBSlcek6ACsjE0UDJ1l2A,239
"gCo--CY5aUoByxUAET2cTw",238
uY1hOM4pySx07Yle9NGAiQ,237
"vEeiIvhzz29rO-6EPFqkjQ",237
"_UsqOvmgoNzb_0xWpzwZBg",237
"orRee-skZXdMw0DYtMGo5w",237
"Yin_BwfzTOdC8VY9ZD4K6w",236
"qjpy8B_4J74QvfHFh1nrIg",236
yXtCzVqUR6WYARQdawyevw,236
"w29d_3Ua0_JlOaAk89Sr2w",236
qpo6O2Ozbrn8wFnoCM4slA,236
"hVSuSlR4uYNnap2LU-6Tcg",236
"Crd82TFkF-cF5WF_qKuJ4A",235
"0mPrp8m_caTxdSGfIxNtTw",235
8Z3jgKCdfp57PvT1AFOWtg,234
vZ4CIMfeos6K7OyYDIlwrQ,234
4ntvolhaYeSCbHY1dhA53A,234
"65UBcPxX0Q1xCagf0_7w1Q",234
"hsTKn-6YSH3JsOSiYKGkwQ",232
"k-ZTmIRDeZUvwiCGN51szA",232
zObyDUjiXSTCXa5t6w9ghg,232
"3MIy-ca6QVtKWXNzerQxWw",231
Qher1XRFuU8GnhA4BH7wog,229
"Ok6n1zXuXVgrazcrmC_UKQ",229
"hdxDwMNNfclcUVYLX-cN_Q",228
LTMEAdWM4m5tIDCSrkALIg,226
gsQ1ZB3nzUCo93kqougigA,226
"TuarWzZ4ITf3H7vkPrz-Kw",226
"XZWry6opFKs-BIwfpa_RWg",225
YxQ1ssiSvjmprGHKygKfcg,225
"HT-3izSFU8ZMazvSqrADyw",224
"uSbUk-3UcgzTPpzyL9dgJQ",224
po3QfLD7vINIFtyYTgkEMQ,224
"sXEOGcIGsO2_zZXYxVadTw",224
"svoahtxi05CncY954Vu-uw",223
"qgfohcxx-FH549osIz5XlQ",222
PbfrZVqGWDVWklKKxmVkzw,221
dl5K9Hc2kUcGcrVIQAOhWQ,221
js12Ev8XKlh36gZeGHzQnA,221
"LsArM1PhbqvXK3lDK-Ch_w",220
bKcmSucAGlKHwwVZNvhI3w,220
MRUsPIVywMFDZHbfDa6YjA,219
"5AKTjYSVTT4z_yWmTMrEXA",219
VTwL7dvXIvepNH9r9CUK8w,218
"TWNjTof9SeYi3I-x53MpGg",218
"aatc6tdT8rXUenDEM-L8BQ",217
9OFr3nlEDwncUNgbqFKd5w,216
jSDLdzm7ZbMWL3g3D2GU9w,215
aLWvaNTOUr1wdOizitoOuA,215
"A71fIjJHDvnOFYeL_Jkv7A",214
27ADmOieSUZfbiU15als7w,214
a1aIYuvQUdSFOyn4vKIXnA,214
xWSEfwA6L39xWTMUlWWcBA,214
"Ni9aqkG_fNWrH02VNlRhLQ",213
ySpNcdz0tSpaPNqefAbfOw,213
NFWJ8ZY88BtrcrMYRAj9gA,213
JkuXXDySMl5fF0hwmLxNCA,212
PBkdlqw53cc2AZsfFD8AEQ,212
"cJbaH81HP6r0eHDy8_738Q",212
"DoLjiU_CSHcKFkofAsUg8A",212
"Rzg2-ugIG_UxQCN_JqXDcA",211
trC8BtTuNJniFaCaK1IQ4w,211
6gJj6LSZY5HsOhaYpIvQxw,210
5yMcbS15CfhSvVQWCe79tw,210
NhpdNYXoRofaa649drCz3g,209
"Fr9OoqQplP76DsntQ-2ufg",209
"sAbRiVqmxNdjTja_vmnsnA",208
"nhToFLPoqNixNbRK4-xFQg",208
"Txg5Xo0njHL3-raZTqCNTw",208
"aidjBZ-cLeRmrsAPM6ZkcA",208
0jq5ZFLRqAAujEuymdPu4g,208
"whJLVLRto7nVjmwk_XBV3g",207
"QvRK2dyv4EDxuJ-LuodE2Q",206
uLJirdITHvQLKWIW6kKoWw,206
HOrfsgClwysVlDv1Vp7PIg,206
WzDvQdS7MQrWK7vyDjdR4Q,205
"B3X4Cbty1G_m9abGL47sQw",205
JsPe2EU2oP5eGyEkX1tYLw,205
1MJ5xmHmeCiau07X2bQyUQ,205
C185HewDKhT0s6JmFFFqcg,204
h4GmXUxM07MTOlMiGa0KuA,204
"vQo_kFaVjVa9H_nhRCz-Dw",204
j3xNAQtY6nFLeE6p4TpJoQ,204
"kK_8YUQlBX8l05eblLgBeg",204
"9CLZ-Uwv3nmOlbbGCIhvrQ",204
kePxkm183BDiOiDcsjgAhg,203
KIn7cdF9NCjhYF6SfFFUVQ,203
MNop9uxBB4gVhPhHmksMkw,203
lzoTXcynmfZ6Ler5B4HbfQ,202
"GH9msf27EzWgoNvH8c-1FQ",202
t2QVqqi4Mjf4y1uigc9Npg,201
F8ljll9IJhgUmOxUshlqiQ,201
"5rtC3OBCIq0WKVoKH--GCg",201
"oo7VmDn-qmEApGmZn2fRig",201
"LH6aLuXW3yShrn_pzrVe8g",201
81yKeu6as0NI2eIpNvgCMQ,201
UWPQelWfvXOFpFQXTsVzow,201
mgN7A6Uw8ObmoTNZvx6VOg,200
"ZCkh7L0HyZ8L9RclT7A_cw",200
"LOef7o-dnn7Z5qGMZCi6pw",200
gVYju3XRcO1R4aNk7SZJcA,199
nIbXwOgthwCM2dhug5viCA,198
8TbIx8H3FufrHlYZH4IcWg,197
"X453V4J1EayCam-DU9d4LQ",197
"2Fn5-x5IX7CfhCKFYaZGyA",197
0NHoELbgXkqIoG8lWo0AtQ,197
"S9HBvkKhFx-vjtckNorm2Q",197
"QgeyXkZKSOIS_85pDIVuQQ",196
"82yh4-ZTPaBaKFFgY5kuzA",196
ZFAq9lpm2wXihzvMLSsRJQ,196
8zTes4kUSoM161AD7G6DsQ,196
"9qDxlEmzsp_-_PTwBu6maw",196
"A-wbnt6g19IWirBswkzsig",196
"B_aOu7idHDU7_5t5RNuydA",195
dMwwBt0BcE4zfIiBBXMogg,195
SfrHdU4NCkYWvERnWaOUqQ,195
RQYsXLFFefpCNkWkJ3gCnA,195
"4h8_u6Fqm3JvUEq8ctWf-A",194
rYXu8NasDNnLZrmHymaQWg,194
"Zq-yfLJYy7245p-O8-PqGA",193
"ILoDsxtqtLU2oTMaf_laGQ",193
"gWRJ_Zyl2gtx_pCNTKnG2A",193
"OWyFd29_AWly7vmR6hOKEQ",192
efsZLHcgEn7hKGB05B569Q,192
"wL-h9AXEEMlc8A1Alo9vhg",192
"4OH2tMl8Qcebshi2rUTz-g",192
"M_b7P2IBKY6zyqDmXE1kJA",192
"rEiyb2uYjaL-MrVRmndOkw",192
c9wKRLG8MmJVdFIx9qtgfA,191
3AMFoTdFm7j2bocSpm7Xxw,191
"Fpv7AFYvT-rsQImxIGwI7Q",191
pPJyi5kggzTibTxSPuRd0g,190
"2QtowmXBL6-4KMpfavljbw",190
"E_nRKWLMGKiCW7ft5FPYvw",190
uBcUz2Jnqu5OzXnuAWaJew,190
9XOzi2IIibwtnGOvtdDpjA,189
"n_d7HDsTdLc9IWwuPHBNlg",189
DW6SI2KxcfXBHeo9jEr4lQ,189
UuBZkKnckkRmYt3jFn2gaQ,188
0InQd9vuhRc98OksC3Ks8Q,187
wehqTDVRZsOkESgAoYBhow,187
"Q9KILetOPQLzIf7Ki3D8-g",187
wFN75sAjpPpYnf0De8QssA,186
"qdAxH_RrFaYqLD-g30N2fA",185
"-VnVvJzps8QkDbc1GmHnmQ",185
"8hnjKa0-bQtvbESv51LoFQ",185
1Zj3JOukVxyU2kq4Vhju9A,184
"3gxFy26l-1_s30Itk0OAYA",184
H2pm7yVZci7M5RKhAOYzuA,183
4MtJkrwdxcCwOJ4G1HThCA,181
"gPmoQaWDiVnkUWOHY-TYOQ",181
HZjLErXWi1vZWMgsAjBEeQ,181
"sD38Tp5O4W06Bx-DxeW9oQ",181
"Xmcr6VtUk_01fTwkTKrrQw",180
"CGYOPcYTfwXFu-Sn0MsgGQ",180
"w4b7gW_l4uL1DdWwwPTucw",179
"tQQxehL2ZVGp7MqAxtSU_g",178
15srJBiBZBt0iKsWSABwRg,178
"-584fn2GxYe9sLsgN2WeQA",178
"kwD6P2-EV87u6aVOcnAcpQ",178
"pU8beAibeYjH5-KTsJqVYg",178
GaAVP8Tn8uUrZtulQw2iXA,178
vDEC5kHgtjkqyuZAZrSuMA,177
"8-HkVgPClpSli0ug3Uk-sQ",177
ureGF96EaoIKmE8SmEpVQA,177
"l3L25Yg_8E11tsS2D8ml-g",177
IZFOb57kTeQYCIsj5cyXxw,176
"HEcysZlyextbht05aYZ-xQ",176
"WjwRpnFGmqQRMRw_c0H8dA",176
21ZKuOC0o8vZglDeR41QLQ,175
"Ieuv-XET6SR_qIscZzgD-A",175
jiS9KmggI7h64pKr1lRlXQ,175
"4mXgELpVbhzO4jKPTLf3-Q",175
tMpFSMGrXz8dzvB9UZ69XA,175
IonLYduw8wMSDrJvyl8b5w,174
"EnKI5w-x0_ZPAS_3QPYFtQ",174
"H3SaoIWnlG-HvGQ8v6J6yg",174
"Cl6KfeDfh9FfWYV5cbz-zw",173
RJquknTxmUKhbziIS9hSnw,173
onItgedmKDLbI3JHOE5XTA,173
"9KkLGqb-D-cysttQzIl6ww",173
YKNqAWom7T6zJoTpYQwbgA,172
"5vQr22h6RJm6-5zz9MLUtw",172
"dRas-lkshHzfN3kY8chwcA",172
"EF5vR_UUavzPjtgMYFCg5Q",171
0x4NXJFSQRRUNONxINTjWQ,171
ObSi1ZpICXPSO95ZTQByNQ,171
"NgtHeii61KsVwqNjXIwX-Q",171
WD5l9HdTjDbqPRocncCrEQ,171
72ngj2ky908bsW9Ae40R0A,170
"Oqb-MBYAmYUJLKwbwpQUEQ",170
"Vq-bivbURTyPP5XqM8HR5g",170
"wtD7EvFhxt8EeNODbl1G_A",169
59OLV6lukp92lkTfYDo6lA,169
"o7wCVuIalf_WbMJ1oX6Dnw",169
"XKI-Wu5BMTp4HZy6k7FBmg",168
6hNibPMNEcMhPRfQuRwjyg,168
"Xy54RutATsomOfsDVR-m_Q",168
U8RIy3r16fmuneo2stVuOA,167
"1_tzgIokeCFWkeLpPzMFqw",167
rwgU2XEFJ7nyCHvUnEC5ww,167
"n8aEflHJYlK_c7yy8xkwpQ",166
KFyB0ueHjAfN4oadjKsTEw,166
abXdTFbY9nPGyslSp8GlgQ,166
"Bp93pemXBdiEkZqdK-vtgw",165
"dJ6XrN6xbb9keIbd_Q3VdA",165
"FDfK4HygC_P-Idoy_K8PKQ",165
"_ZyJLAlkmqefU0WXQ2o6jQ",164
BvyARfwpde38566aiDM10w,164
lnUXlYMh0UfrtVfnYo9mvw,164
2oRj5Qh18pCMPlvHFmyoow,164
"4eqw9xCbCmNQPV-AQJcXPg",164
ME0olHUKPsJ9spaLudZlYA,164
tXydHtnQ2sU37kXy30CBLw,164
"M_jMhKl-hsTIyQBIiAH_cA",163
"gvtwlFW29b92qcYUAH_v2w",163
U2dZYCgkuS9SGgyKaCUlbQ,163
F0cNqcDlAwB4qVsRuGbFnA,163
"uYKwS-biARKgBkk5rY_PaQ",162
"_Q4VSHSr8ryAOfmsd9g6yA",162
"yo3zehm-cIQLO1mtDsMGXA",162
MTSuKAjBcxQKSG0vX2sQLQ,162
upEYCgGGZOuTvwzqnKZK5g,162
"wa0Oxy_jnM-OscL-BNa1Sg",162
"-tsCj7HZ1TT548bcz8U3ZQ",161
"xNpCyxm1nD82gxGQ-WFDIw",161
ywwnswdMkIjYj46qLsNG2w,161
"I79BJH8k-ODYSPBOqzDwfg",160
"83C1eqPfmQHTy_8MC4Ug6w",159
DmW50r6MdkPFRq2GnEruzA,159
cJTgJTzEWg5ErWnvaHsUBA,158
p2OalJojTCfCYJpGEmcusg,158
"Me4q6iXSjJyFsfKx-l3kcw",158
XZpUbduFE3HUbFkt1Zk3aA,157
hU1wB9jePbd0dhTBcrpYvQ,157
k2zE7IsSi2lVpnrjqZXAdw,157
LDRAVhMLceQ8fBLI44E8Ew,157
RRtu1D6qpVcpiQnMM8EhIg,157
"USyDC-cZCexcyNGrc8uiag",157
rGvkljWlP7ysvLEUucoyqA,156
f9dxqk9oTmotquKN4vcRCA,156
q35bospqfYhJfMsqE79NvA,156
"iLwNx5TVKVFKyV5RdbIY-A",156
ACuPUjWLfhaJ9KDNVQun5A,156
THq4W2p3emLdTJEP8f6cbQ,156
0aV8mzabKSFylfi0NQGqlQ,155
l593y9KEguq1JWVFcaL1DQ,155
"-K22CWorrReIV_kgLa6dmQ",155
3JTVc83KpA37yhrkwHzlvQ,155
AFDFOs2GaIyUArGyEUDQzQ,155
VgLiSW1iGkpzIEXOgvUBEw,154
"W-UBevF6tFgX4WiA8PvdPA",154
"0Wu4-E2NKM-H8Yt7zZ-cxw",153
NFOmAcZ7UFKmeamktDyt2w,153
B7crMY7g2Haz8cvox8732g,153
wmr3ROnBokPZXKZGLGLp8A,153
"CjSOQ8_nZZMdF0gLYbUOoQ",152
"7h0-KtLbYH1gu6QBv_-jxg",151
FDXk2MDLPf72uEDT6Bq1Mw,151
q28CkzJaV5yKPXysY8xewA,150
"cP6pQuoPKIoaFQBa09e-Vg",150
"SKO1eefgrWjTp-NnsS7FTw",150
SWxTMGlqiZRgdacTgu2MeA,150
PhHstMh3akn1hdPmdU2bCA,150
Pzj5ow6I8eQI2iGnFziGLw,150
jS3cHd1E5TuUZbQWpBZqVg,149
"PEsJsa3hXs-lsIPMag0mEg",149
C9GQcIqPYHO0HTX2IH2Gkw,149
"qRgR2r1kuh1hn-tHRqC2sg",149
"jiQwNP0HovE-NZB-plOWxA",149
"VlWAXFH5mqzQA9QNt_Azug",149
vKf2Mxo74kVQr7XwXfI4Ig,149
"6BuCNx2gO_GYiXm2KRdMXQ",148
8C9rULVDuDRb5FlYYKTtyg,148
5m2HPI3fp6Eq565mlquL0w,148
"QwrWxzfGdv_bMiFrDaV4sA",148
"hAgtic2abji61215w8_OVw",148
LM71VvmoAWDD5z8h7XoVig,148
"3Nt3CA4IDxt0SeQO24gb-Q",148
"R0t7XO28y_kqDa_m3dUnvA",147
N8NiWbLzee9EOeMnz2MOlw,147
o9C4hmk1QfYPdgE0PytGkw,146
5YgXxBUzhf3qh8F8wYSqsA,146
5dSQ1KV9HkbZm0ZmJHuMKA,146
JSuzEURjXIr0G8WrECZIoA,146
"kYQkPISOL5XQDd_wEWxK0Q",145
"rps5P0fU_jADKrcULxYq-g",145
LcBWyVrCN49IOvkAPNPmZA,145
"U0aLdc-PW44iiI4NzNCjZQ",145
6LNuxmnwiTvxXEDk06MkrA,145
jbToVT09cmHMfxCITDBGIQ,145
"-1ERbsOf9XOC9wGbZYFr7g",145
hINoWktWMam3fJmETzzCDw,145
jEPe6jQ5K9zfnLudnnzO2Q,144
"ZfAe6DU_UP9IdYkI-te1QA",144
"-ffo-JFhFj2kR6kZL4qYhg",144
"h7R_IMg3nss8I5nV7sbmfg",144
lzl3cfgVEGMtezF8oRqXDA,144
"Eexp976MUmMDECm-r0BxTQ",144
KdJJFvYI9w5xF0EVYPbXMA,143
"SyhuQ69i6PYr4q-4kHrKFA",143
KJK7ihnpTeHXOy9rxORpGQ,143
wQgdpcqcA0HgDVZvrOk7Yw,143
m7IEMSzrR8KPjCsLEqOobA,142
ubwHoadNnVfMB9dFV2uyTQ,142
AHzxXDQs4y5htkgD5jIpQA,142
E3n771Z4Uqy46WNaFS5u0g,142
"KBwLo6vgQaW1Iu-t92DHmg",142
v8TQwyxEj4or2Yng6y0S7A,142
"rKOSmt3oKFUaHHN0Y_YOHg",142
"gMVWJi_dldZfofI7EShmNA",141
Sz46GVteyTbGQhA76HmleQ,141
"CM4LY-sjD0Q9HivGTFHdoA",141
azXr0xlsOKDDiICIFnXi1Q,141
"R-3BEMIs0SfR8ilLu2vvjw",141
"lTvW5TcIVIVNmE4_LYQ4eA",141
RO1fBofbml7ygeY2AiWFYg,141
EMOFQciQnAtCjZnMs0z4Jw,140
1Yt0N8g7d8Jz3ASnm3Bm0g,140
UIqKaIBPgkIW3M7coOIZPQ,140
dKsJfvaTEGhXpJo3KRtx9w,140
"PT8kPZPnrY2UYRZ_An58WA",140
ciEBHH91Hz4RciYUUkueNg,140
nLn4yNELpgpWADSHdIcCsg,140
kjNQIbcVxCcZJFpTUYvE9w,140
"4AHB3TMnXCfFSUsP7A5S_w",140
mTRtKgAqlbVS8QoASwgTug,140
CXrz1RkXWjzg5Of8huhOpA,139
"5f8tdGEQ_L3a9hyEbMjAwQ",139
"HqX-wW-iRspulgRvE7eLiw",139
szcPQs5JVAl3iDvRBpvghQ,139
NdQMBelvH0TTe1pIrnFYmA,139
eskXrZERb01mwHrNKv5eEw,139
9xGeYICHI3UoTcvlIKwWzA,139
8SkoyQ3iHXECEit2BDwBrw,138
fUdr6QMsrBGOYpxS6Dcjdg,138
"_BL-KfyZqYruqDvxTY-vUg",138
"v3AbHiJ71gYEJ_PcX7KmCw",138
"qCOCPoxRo9_lLixup-TPTg",138
"Qs_rxSL6BfBFzAr30VLeuw",138
VCXzyRLE7EM1GduSdypQTw,138
"6_XNaQYrW2wTv0ymuOPUyA",137
"Q5Ndbf-kGsUMAQrG8aoDkw",137
wxtqWVGlDW4JFDOAKofIog,137
"Bj3v6XY-0arzKQmT0giSKA",137
i2ZfdVYWL9GnOD2gjFaMlA,137
rQG1fDr5f11oBclDw8GWTQ,137
"cWFpyN49FRsFrNd3_cb50g",136
"YZyjcslUrQ_1eB8P7DhhYA",136
EQQOPKL3rmPsH73IF7kvjw,136
"8Eh-lPCEXfGP72gQTct-lw",136
nX38puAVP3qV7AjYANkObA,136
"8q957qOv1wED08Rgs0-VGg",135
TCX33pPlZzWKkqLG07wvUg,135
"OL6SSsa9D7Z4IQIPJ_EGJA",135
H2cAZyhfADarH8Y2VCEwVw,135
SX2jlXA28czDXQBxQ2I0nA,134
"Ba3-fDVhzLahunTUEMTsKg",134
"I6DMTSrI2Vlp7Ai-Z9tUXw",134
JFoEf0Kn5GgFIKvAB7DQ3A,133
T4AyBSffvi3prLrw0H2enA,133
"a9fNfb-CIF4MnDnvX5tkOw",132
dGMk9Rg32zHoYBKI7zPsrQ,132
"QhwkFogGQA-Ar176Ul5PUQ",132
gy3WtUaSqZNzxLcMgAbJHg,132
Q5pTGQKEhxgit1fwgrHEbg,132
gCXML47k7wS2je2DgfAKAA,132
uCFoGYwwjXqsRdmD8Ecskw,132
dMjNtVrynJtz0MQZkGKcdg,131
QXUI3ZEnPw0j55qjwjiOnA,131
JS9Bao1vDxM2BGWMYjEavA,131
DnkoH96JRzX9udAPLHBbIQ,131
KcWUgvyl64Vp0PfwQRZQkw,131
"xF74A0bux_Nq_QuJ0Ivsbw",131
hGe8h7iEAEVbCYH4E2G42g,130
"Fc7OrZXf4Welvt9TJ7K-sg",130
"EYpdx3Lu-XZ5xs0Sj-VaXQ",130
Ug97walz3YLxPMrpkktsFg,130
PsOvURXqpy8iZX2J8y429A,130
"SnUxHYQK7pP72IlO-T9Skg",130
LXvueihSmsfvlCHkrz8gLw,129
ZQZzgR51Yf2PlDpQrwHkOw,129
WBN51DEDxgWN2YYA7G1Ang,128
YY1UCrnuOLCTxK3mKsqiDw,128
"msn1dd2YDQgBWrlx_hQYgA",128
"aGulqXnFmpOh_5Qh96uBng",128
GjQbbMwu8OzictyBdgYY5g,127
fZVZeZJkziJ7B1rIcmT3Iw,127
"qQNjHyoFL3_0xugLf8sM2A",127
hCxNymBRhx7eQZdxGCjvXQ,126
4Iqcne2F4qY8lahrPA81rA,126
GdkVUWDdJshfdCmTBKoB6g,126
oOrqgxKCNuPwF3mlTBmgZw,126
"65_YeaivbdWNk1ZHiAI77w",125
"3DHwRjWomOtnxM1v6-bPEQ",125
x42C5j84k0Y4H20fcJwbRQ,125
"SBvw-IpLThBeiJF5qs9oMQ",125
pj0vl4DIlDCChe80Df40Yw,125
FzeYyIca3Bw8mS4MeUUAGw,124
r69rxmc9pdU4AnZkBhTNLA,124
O1NBNVfXWmk3CvszAhOEoQ,124
"6dIZ2hjHfjV2ZaxS2H-fcw",124
"WS1XuIez_2KP-3RJD-r9kg",124
"h9lt3CQuMzz-klZdIXIIHA",124
IzcWiXp9PU08yi7r4ftp5w,123
oqOaEEMIAAjoJTWTMzgH7g,123
"4RAoYgAJESlBy2Zz_uMZ9w",123
BVRWDjbj9g712L5INfhKog,123
en2O4AiS0NDZ1AHgzYKzBA,123
gEx0eIYokdsSZzF64DO7Mg,123
"jphuU3ttPugYr0lTBxtp_A",123
"VnTREYYq-cquQ3f2re8iBg",123
scbkHTbGTOA4xOrRcU3bBw,123
"_LsGlbpybDbENusCXuEpyQ",122
"JcttlqJIusjo82_pxpz6oQ",122
"BYe8zZeHoap-cdYtlJOz0Q",122
jgkT9RA3OCBqgniWCkwLrA,122
"WqntpiZMWaoDOlDS7V3W-A",121
"Cvfi5N4zR9G05Pbg-Ud-KQ",121
"pPDVpf3daNYrV15_qiUKQA",121
"kC_cOPG3SvfWkcaQkHJW2w",120
"s8NoNszuW8_CSFQjLApRuQ",120
YK9JsdBPgMvVSIGMuplX6g,120
"vpguh2_2ge9e-AEA-tu6uw",120
"OsMRIq2-M9jMVVPFiqp4sA",120
DqzyOJTJXu0Iwi8og5DJDA,119
ocCzxkuTYjUtujlMLlEE3g,119
WzjRM6h6dZFBwr1rvwjvPQ,118
qhHwbSltc8MSm64vj3wcgg,118
"rVrpTOznd_NjplDvSK8OfQ",118
mnPRnWnNLM5cdjGEteWy7w,118
"Vk2lc81v4_iO54GzT_fLmw",118
lmo14ds990gtsjvURZro2g,117
KlAARyLySLdoyT8QxJFSIg,117
"lidcKZMOzz9M2p7-SznZcA",117
ZygV0bo1lfQ1ZRnVc0Uwlw,117
"ue27utVn47spL_HCkKBjqA",117
qth1W742hXtFoNVYvuHBEg,116
"U8pLRrR-17w74U5cWLDWmA",116
"10Srj1qZfB9CsVAwef9_dQ",116
IW8akWZrM8i9ce4EDe9Rkw,116
qfpmVDfwBl77XYQ5El9vIA,116
"ZOcfu9B5657he_gBXVeIcQ",116
"2l4UTdi_F9zVZ1Kv4Fj-zQ",115
"9SrR4mkEsyimsimrc-vP4w",115
UFyNuxNcuoJ6peYZANEh5w,115
"J1Oi8wybu3BYYc2-I2ynPg",115
iUPJmJvHy9fVfRxsuwwdLQ,115
uLbr9xXGlB0PkwQMZgGCNA,115
"M1xG7umlR-jalgYSxuPLYQ",115
mpXeChWrq1bcRWAEgufY9w,115
jlFhZFGzROkhhSIfXM1oJQ,115
"EYx9LkprbYnt3gUG_PRdKQ",115
"nW8z5yrUmPekUzdqJ0-OPA",115
ZrxnXntC71qG7L0US1GVLA,114
KOOtk3mhxPoJtjGGtP54qQ,114
j9NvcEFk3V1LWnEQkcWKYg,114
"2XmS09dl3GT_WknqS9hTVA",114
ESlu79Th0bWSPqtPh5rWHA,114
"c_ViLMuxHZ92JWv2BCyr7w",114
"abyw7M9utpZJGo_RF0LScQ",114
JQNOv7QlaF0giKAKCn61yw,113
GfuApsBX3jHdZGgWi8PTag,113
"prL6S0P__VGn3iXc-TSlpA",113
"By_GCpCBPCXMQkEBR4hymQ",113
oeUCpP2rGiYcZrHUhiysdg,112
XC9tnUvXARu6XjRxO6u8DQ,112
"FM3JgsDg5vLJ2x1_NM9CcA",112
"Uhw6U1Nj-wtl2cSj2nrTrQ",112
lbDBVMkpSKaVgEU9tJOq2A,112
"tz1OiXy_smAtZx80oRQttQ",111
"UqUSbnNUael8_ihzI-EIAw",111
"MqPRtyOXXJF-uUYJPK-5sA",111
"ZZcKMWza1-GqrmhzFHW_mw",111
"SSbId_gHGjtXWnObc_S0nw",111
wLmMGlGCRdNSxArKca6DJA,110
"plRQRyL_xAY8sUTm4viP6Q",110
ky6c1bhp1695tWLfnyKOyQ,110
PzQJMdqmvGftgFwitgU2oQ,109
cTz7lxA0AdWKMba6Bvsi3g,109
6gugg5XY66ukGewmOptSKw,109
"EjfF-4aI0rhtAHwXFRsVrQ",109
k6VudAy2OTZgy66ZfUNz6w,109
"HcKt-8Y31gIfQQHGeUcAGA",109
"Lj_3EwHHkMsbQt1Sxa5Tdw",109
CfdCsVkzzM3uJKGRzA0ufA,109
8S31wjHVC1Rx71ooEcTRTQ,109
IdpMuPyKIEfO41IlLxXwmw,108
5cybURsCTS0zHH5Qbu0sDQ,108
"vk2V2-6-OOMqY16PlbS4MA",108
"AYF-t7Yge-3mn2StQiEXvg",108
"p_RGxnaMCJ6bTL6voUymsg",108
kyNHcuvg7Rl1gzrPFvZI6Q,108
"XqpUYK7tjHe_gi0BrNf1sw",108
6ii5JM4zVaonwvgVcj9mfQ,108
"GAA2AxjySMqN-p-n89SJIA",108
"WmUcv3Pvoc1DyhE_HMNPKw",107
"8x__4Jd-JMoWUYCkv6IJwA",107
Kma0nPwuWfqelROxRIwLRw,107
"52ThhgAweE-ZOhj8ugjS0w",107
Ajvt6mXYNeqlbOkW5lrGfQ,107
"eHD1iu4B5yd_wj_uiSapzQ",107
"DvFOetqoZonh-7G6spAugw",106
7yreItfpau1BYXcZaiq7KQ,106
f2Iga3A59AFYwoeAvc3e6A,106
OgnHyXXqElaPgs7isOrdBQ,106
"2AB_43WAw7cNvMcm-QEliw",106
"dwJKxmnu0jZ2tQDuqJ_Zsw",106
8kmIIK2YE6Rcg3HaDVha3w,106
kFmud3f8H8GSO8eeHDNfrA,106
bkm38p8gjvYqzNROj3oYrQ,106
wzgmxN5nTrCdFBaDDQI2sg,106
"bsIG-bXSRcCx62k4lHBEcw",105
"gq7u9uyOkpLCeh_lxR-WFw",105
QC18oZ4atjW1vtZo71ohxw,105
45dBeYgn3Wlqnc4W0HxDPA,105
"QySefgRL-TSHDNEd336FtA",104
pvAq7zHW3E1HzUgp95wIAA,104
"ZniYUcAEcI_n8yxz_2Z1Dw",104
mzQp4bnowm0ELC7aJOqpLQ,104
"92Z2b94IO-ovEUmrkzarMQ",104
"UBDBDZxp1LuaHdFezDPQ_w",103
wG3RSJW5JgvNnb5blzu1EQ,103
0xSf8B4DBEk8ecV7YYXVUw,103
6T0GnBbU5SI9GDydvbrQIw,103
iM27P2Dk1tVocQ9ai1FHMQ,103
"ejS_lQteyzG6PR4gxZN-FQ",103
JtvwIwSl6rXVKacqP8avyw,102
tPmjepYrjiKyfGOpedyDBw,102
"L-NzaroskDG7cwW9OJJadw",102
jaTQJqE3bBj74YfNFIsfwA,102
"myMbSaVG_C1IKhC5eAWMGg",101
z5K6mW8lSfRjJivG1d5wRg,101
xzNNNPUmFhzuLDcMYowdvg,101
4ZZab5hinFzHtj3sE8vQWg,101
3cSnc2Ts0GckC9QRvlQbKA,101
"kALWQ76kSTrt_WhdjLAs3g",101
"rad3s5u3uNco7mZXQ-arOg",101
"_MkEsZayoYMMOXE_qCJYgA",101
wYuPafwLYItJAHFVba9mVg,101
"MdciqXUq0nf-bJHYmI6etw",101
FSHZ7I3VOfKgWSqFfQhUhw,100
cgFiAUsYCiw9RBX4SgkZUA,100
47bimRPTRW5AipXRwfVA1A,100
fFBka7NGR463DLhwxckzcA,100
7A6RHKyblsmvHf2F377WMQ,100
3fA43apyr5i8PAm0Az04hQ,100
IaUXrUfy2iYrR6dHgvTpUg,100